Model,Precision,Recall,F1 Score,Avg Response Time (s)
Intent Classifier,1.0,1.0,1.0,0.010636091232299805
OpenAI,1.0,1.0,1.0,0.7050488676343646
Gemini,1.0,1.0,1.0,0.4579589366912842
