Model,Avg Response Time (s),Avg Response Length,Min Response Time (s),Max Response Time (s)
OpenAI,5.104418635368347,1393.0,4.295126676559448,6.496505498886108
Gemini,4.321993708610535,1700.75,2.1964712142944336,6.860539436340332
